make,model,series,manufacturer_code,trim_code,month_from,year_from,month_to,year_to,doors,chassis,engine_litres,engine_code,engine_name,engine_config,engine_valves,camshaft_setup,fuel_type,induction,notes,vvt,awd_system,segment,edition,fuel_delivery,carb_count,engine_kw,drive_train,transmission,country_of_manufacture,seats,transmission_speed,differential,roof_type,transmission_badge,transmission_brand,cosmetic_pack,fuel_system,battery_kwh,front_motor_kw,rear_motor_kw,created_at,specs,engine_badge,image_urls
Alfa Romeo,Tonale,965,Tipo 965,Ti,02,2023,06,2026,4,SUV,1.5,GSE T4 1.5 VGT,1.5 FireFly T4 VGT,I4,4,DOHC,Petrol MHEV,Turbocharged,"1469cc; Miller cycle thermodynamic cycle; 48V MHEV system; P2 integrated electric motor in 7-speed DCT housing; 15kW/55Nm electric motor; 0.8kWh 48V lithium battery; CARB: N/A; FDEL: GDI (confirmed); FSYS: not confirmed from primary source; VVT: cam-phaser VVT confirmed — specific system name not confirmed from primary AU source (NOT MultiAir); TBRAND: not confirmed from primary source — Stellantis-developed unit, no ZF or Aisin attribution found; TBDG: TCT (Alfa Romeo marketing name for dual-clutch); AWD: No; SEG: Compact SUV; ROOF: Hard; ICE 240Nm @ 1500rpm; engine OEM internal code not confirmed beyond GSE FireFly family name (Tipo 965 series code from secondary sources — not confirmed in primary Stellantis press); Ti trim confirmed at AU launch February 2023 — CarExpert.com.au, Drive.com.au, carsales.com.au; Ti not present in July 2026 AU facelift range — discontinued before or at facelift; Stellantis Australia official distributor; 95 RON premium unleaded; built at Giambattista Vico plant, Pomigliano d'Arco, Naples, Italy — confirmed Stellantis Media press release (100,000th unit April 2025); no diesel in AU; no pure EV variant in AU; Pre-facelift (Series I)",VVT,,Compact SUV,,GDI,,118,Front,Automatic,Italy,5,7,Open,Hard,TCT,,,,,,,,,
Alfa Romeo,Tonale,965,Tipo 965,Veloce,02,2023,06,2026,4,SUV,1.5,GSE T4 1.5 VGT,1.5 FireFly T4 VGT,I4,4,DOHC,Petrol MHEV,Turbocharged,"1469cc; Miller cycle; 48V MHEV; P2 integrated electric motor in DCT; 15kW/55Nm electric motor; 0.8kWh 48V lithium battery; CARB: N/A; FDEL: GDI; FSYS: not confirmed from primary source; VVT: cam-phaser VVT confirmed — specific system name not confirmed from primary AU source; TBRAND: not confirmed from primary source; TBDG: TCT; AWD: No; ICE 240Nm @ 1500rpm; Veloce trim confirmed at AU launch February 2023 — CarExpert.com.au, Drive.com.au (launch RRP $56,400 before ORC); Veloce continued through pre-facelift range and replaced by Veloce Ibrida at July 2026 facelift; Stellantis Australia; 95 RON; built Giambattista Vico plant, Pomigliano d'Arco, Naples, Italy; Pre-facelift (Series I)",VVT,,Compact SUV,,GDI,,118,Front,Automatic,Italy,5,7,Open,Hard,TCT,,,,,,,,,
Alfa Romeo,Tonale,965,Tipo 965,Intensa,,2024,06,2026,4,SUV,1.5,GSE T4 1.5 VGT,1.5 FireFly T4 VGT,I4,4,DOHC,Petrol MHEV,Turbocharged,"1469cc; Miller cycle; 48V MHEV; P2 integrated electric motor in DCT; 15kW/55Nm electric motor; 0.8kWh 48V lithium battery; CARB: N/A; FDEL: GDI; FSYS: not confirmed from primary source; VVT: cam-phaser VVT confirmed — specific system name not confirmed from primary AU source; TBRAND: not confirmed from primary source; TBDG: TCT; AWD: No; ICE 240Nm @ 1500rpm; YEAR_FROM UNCONFIRMED: Intensa confirmed in 2025 AU range (carsguide.com.au 2025 pricing); not listed in original February 2023 AU launch — introduced 2024 or 2025; year_from=2024 is best estimate from context — verify against primary AU source; 95 RON; built Giambattista Vico plant, Pomigliano d'Arco, Naples, Italy; Pre-facelift (Series I)",VVT,,Compact SUV,,GDI,,118,Front,Automatic,Italy,5,7,Open,Hard,TCT,,,,,,,,,
Alfa Romeo,Tonale,965,Tipo 965,Tributo Italiano,,2024,06,2026,4,SUV,1.5,GSE T4 1.5 VGT,1.5 FireFly T4 VGT,I4,4,DOHC,Petrol MHEV,Turbocharged,"1469cc; Miller cycle; 48V MHEV; P2 integrated electric motor in DCT; 15kW/55Nm electric motor; 0.8kWh 48V lithium battery; CARB: N/A; FDEL: GDI; FSYS: not confirmed from primary source; VVT: cam-phaser VVT confirmed — specific system name not confirmed from primary AU source; TBRAND: not confirmed from primary source; TBDG: TCT; AWD: No; ICE 240Nm @ 1500rpm; YEAR_FROM UNCONFIRMED: Tributo Italiano confirmed in 2025 AU range (carsguide.com.au); not at February 2023 launch — introduced 2024 or 2025; year_from=2024 is best estimate from context — verify against primary AU source; Tributo Italiano = special edition MHEV; 95 RON; built Giambattista Vico plant, Pomigliano d'Arco, Naples, Italy; Pre-facelift (Series I)",VVT,,Compact SUV,,GDI,,118,Front,Automatic,Italy,5,7,Open,Hard,TCT,,,,,,,,,
Alfa Romeo,Tonale,965,Tipo 965,Veloce Q4 PHEV,,2023,06,2026,4,SUV,1.3,GSE T4 1.3 MultiAir,1.3 FireFly T4 MultiAir,I4,4,DOHC,Hybrid,Turbocharged,"1332cc; MultiAir III electro-hydraulic variable valve actuation confirmed (Wikipedia Fiat GSE engine article); CARB: N/A; FDEL: GDI (confirmed — auto-data.net); FSYS: not confirmed from primary source; VVT: MultiAir III; TBRAND: FPT Industrial (FPT C635 DDCT gearbox; confirmed Wikipedia FPT C635 DDCT article — jointly developed FPT Industrial, Magneti Marelli, BorgWarner; manufactured Verrone, Italy); TBDG: TCT (Alfa Romeo marketing name); Q4 AWD: ICE drives front wheels via 6-speed DDCT; 90kW/250Nm rear electric motor drives rear axle (separate from ICE drivetrain); front BSG (belt-starter generator) is for engine starting and mild regen ONLY — NOT a traction motor; battery: 15.5kWh gross / 12kWh net usable; 306V HV system; 7.4kW AC charging; ~60km EV range claimed (WLTP/AU combined — CarExpert.com.au PHEV article); ICE 270Nm @ 1850rpm; system power 208kW combined (ICE 132kW + rear 90kW — integration losses reduce arithmetic sum); MONTH_FROM UNCONFIRMED: AU PHEV launch confirmed late 2023 (8–10 months after Feb 2023 MHEV launch = approximately Oct–Dec 2023 — CarExpert); specific month not confirmed from primary AU source — leave month_from blank; engine OEM internal code not confirmed beyond GSE FireFly family name; 95 RON; built Giambattista Vico plant, Pomigliano d'Arco, Naples, Italy; Pre-facelift (Series I)",VVT,Q4,Compact SUV,,GDI,,132,All,Automatic,Italy,5,6,Open,Hard,TCT,FPT,,,15.5,,90,,,,,
Alfa Romeo,Tonale,965,Tipo 965,Tributo Italiano Q4 PHEV,,2025,06,2026,4,SUV,1.3,GSE T4 1.3 MultiAir,1.3 FireFly T4 MultiAir,I4,4,DOHC,Hybrid,Turbocharged,"1332cc; MultiAir III electro-hydraulic VVT (confirmed); CARB: N/A; FDEL: GDI; FSYS: not confirmed from primary source; TBRAND: FPT Industrial (FPT C635 DDCT); TBDG: TCT; Q4 AWD: 132kW ICE front via 6-speed DDCT + 90kW rear electric motor; 15.5kWh gross battery; front BSG for starting/regen only — not traction; system power 208kW combined; 7.4kW AC charging; YEAR_FROM UNCONFIRMED: Tributo Italiano PHEV confirmed in 2025 AU range (carsguide.com.au); specific AU introduction month/year not confirmed from primary source — year_from=2025 is earliest confirmed; may have been 2024; verify against primary AU source; 95 RON; built Giambattista Vico plant, Pomigliano d'Arco, Naples, Italy; Pre-facelift (Series I)",VVT,Q4,Compact SUV,,GDI,,132,All,Automatic,Italy,5,6,Open,Hard,TCT,FPT,,,15.5,,90,,,,,
Alfa Romeo,Tonale,965,Tipo 965,Veloce Ibrida,07,2026,,0,4,SUV,1.5,GSE T4 1.5 VGT,1.5 FireFly T4 VGT,I4,4,DOHC,Petrol MHEV,Turbocharged,"1469cc; Miller cycle; 48V MHEV; P2 integrated electric motor in DCT; 15kW/55Nm electric motor; 0.8kWh 48V lithium battery; CARB: N/A; FDEL: GDI; FSYS: not confirmed from primary source; VVT: cam-phaser VVT (specific system name not confirmed from primary AU source); TBRAND: not confirmed; TBDG: TCT; AWD: No; engine_kw increased to 128kW at 2026 facelift (was 118kW pre-facelift) — confirmed alfaromeo.com.au, CarExpert July 2026; ICE 240Nm; 95 RON; AU facelift launch July 2026 — confirmed CarExpert.com.au (July 9 2026 article), alfaromeo.com.au; RRP $64,990 before ORC at launch; built Giambattista Vico plant, Pomigliano d'Arco, Naples, Italy; Post-facelift (Series II, 2026–); 'Ibrida' = Italian for hybrid — facelift branding change from 'Veloce MHEV' to 'Veloce Ibrida'",VVT,,Compact SUV,,GDI,,128,Front,Automatic,Italy,5,7,Open,Hard,TCT,,,,,,,,,
Alfa Romeo,Tonale,965,Tipo 965,Ibrida Sport Speciale,07,2026,,0,4,SUV,1.5,GSE T4 1.5 VGT,1.5 FireFly T4 VGT,I4,4,DOHC,Petrol MHEV,Turbocharged,"1469cc; Miller cycle; 48V MHEV; P2 integrated electric motor in DCT; 15kW/55Nm electric motor; 0.8kWh 48V lithium battery; CARB: N/A; FDEL: GDI; FSYS: not confirmed from primary source; VVT: cam-phaser VVT (specific system name not confirmed from primary AU source); TBRAND: not confirmed; TBDG: TCT; AWD: No; ICE 240Nm; 95 RON; Sport Speciale = special edition within the 2026 facelift range; confirmed separate AU pricing entry at $68,990 before ORC at July 2026 launch (CarExpert July 2026); powertrain assumed identical to Veloce Ibrida 128kW — confirm if any mechanical difference exists (e.g. suspension, brakes, wheels) that would affect fitment before finalising; AU launch July 2026; built Giambattista Vico plant, Pomigliano d'Arco, Naples, Italy; Post-facelift (Series II, 2026–)",VVT,,Compact SUV,,GDI,,128,Front,Automatic,Italy,5,7,Open,Hard,TCT,,,,,,,,,
Alfa Romeo,Tonale,965,Tipo 965,Veloce Ibrida Plug-in Q4,07,2026,,0,4,SUV,1.3,GSE T4 1.3 MultiAir,1.3 FireFly T4 MultiAir,I4,4,DOHC,Hybrid,Turbocharged,"HOLD — engine_kw (ICE only) NOT CONFIRMED from 2026 facelift primary AU source: only combined system power (198kW) is confirmed; ICE kW must be separately verified before this row can be imported; 1332cc; MultiAir III VVT confirmed; CARB: N/A; FDEL: GDI; FSYS: not confirmed; TBRAND: FPT Industrial (FPT C635 DDCT); TBDG: TCT; Q4 AWD: ICE front via 6-speed DDCT + rear electric motor; rear motor raised to 94kW at facelift (from 90kW pre-facelift) — confirmed alfaromeo.com.au; system power 198kW combined (was 208kW pre-facelift — retuning reduced combined despite higher rear motor; CarExpert July 2026, alfaromeo.com.au); battery: 15.5kWh gross; EV range up to 54km WLTP (alfaromeo.com.au); front BSG for starting/regen only — not traction; 7.4kW AC charging; RRP $78,990 before ORC at July 2026 launch; AU launch July 2026 confirmed CarExpert.com.au; built Giambattista Vico plant, Pomigliano d'Arco, Naples, Italy; Post-facelift (Series II, 2026–)",VVT,Q4,Compact SUV,,GDI,,,All,Automatic,Italy,5,6,Open,Hard,TCT,FPT,,,15.5,,94,,,,,
